{
  "name": "istio build-tools",
  "image": "gcr.io/istio-testing/build-tools:release-1.21-d7352b67b9fdfc7365a3e41207e3aa5cc070037b",
  "privileged": true,
  "remoteEnv": {
    "USE_GKE_GCLOUD_AUTH_PLUGIN": "True",
    "BUILD_WITH_CONTAINER": "0",
    "CARGO_HOME": "/home/.cargo",
    "RUSTUP_HOME": "/home/.rustup"
  },
  "features": {
    "ghcr.io/devcontainers/features/docker-outside-of-docker:1": {},
    "ghcr.io/mpriscella/features/kind:1": {}
  },
  "customizations": {
    "vscode": {
      "extensions": [
        "golang.go",
        "rust-lang.rust-analyzer",
        "eamodio.gitlens",
        "zxh404.vscode-proto3",
        "ms-azuretools.vscode-docker",
        "redhat.vscode-yaml",
        "IBM.output-colorizer"
      ],
      "settings": {
        "files.eol": "\n",
        "go.useLanguageServer": true,
        "go.lintTool": "golangci-lint"
      }
    }
  }
}
